{"cameraMode":{"drawMode":0,"name":"Shaded","section":"Shading Mode"},"sceneLighting":true,"audioPlay":false,"sceneViewState":{"m_AlwaysRefresh":false,"showFog":true,"showSkybox":true,"showFlares":true,"showImageEffects":true,"showParticleSystems":true,"showVisualEffectGraphs":true,"m_FxEnabled":true},"in2DMode":false,"pivot":{"x":-0.03683733940124512,"y":-0.16574954986572267,"z":0.6254409551620483},"rotation":{"x":-0.18516263365745545,"y":0.7148972153663635,"z":-0.20619867742061616,"w":-0.6419649720191956},"size":2.341237783432007,"orthographic":false}