{"cameraMode":{"drawMode":0,"name":"Shaded","section":"Shading Mode"},"sceneLighting":true,"audioPlay":false,"sceneViewState":{"m_AlwaysRefresh":false,"showFog":true,"showSkybox":true,"showFlares":true,"showImageEffects":true,"showParticleSystems":true,"showVisualEffectGraphs":true,"m_FxEnabled":true},"in2DMode":false,"pivot":{"x":-1.0221611261367798,"y":0.46935850381851199,"z":1.8955919742584229},"rotation":{"x":0.08989621698856354,"y":-0.1782808005809784,"z":0.01635831594467163,"w":0.9797285199165344},"size":2.6716108322143556,"orthographic":true}