{"cameraMode":{"drawMode":0,"name":"Shaded","section":"Shading Mode"},"sceneLighting":true,"audioPlay":false,"sceneViewState":{"m_AlwaysRefresh":false,"showFog":true,"showSkybox":true,"showFlares":true,"showImageEffects":true,"showParticleSystems":true,"showVisualEffectGraphs":true,"m_FxEnabled":true},"in2DMode":false,"pivot":{"x":-0.432450532913208,"y":0.3783813416957855,"z":1.1007838249206544},"rotation":{"x":-0.18516263365745545,"y":0.7148972153663635,"z":-0.20619867742061616,"w":-0.6419649720191956},"size":0.49469780921936037,"orthographic":false}